id,image_url,thumb_url,category,color,stone,finish,surrounding,caption,tags,headstone
IMG0001,https://lumargo.pl/wp-content/uploads/2023/02/IMG_50851-768x1024-1.jpg,,blaty,czarny,granite,polerowany,Ujęcie przedstawia nowoczesną łazienkę z eleganckim blatem.,"Elegancki czarny blat granitowy, idealny do nowoczesnych wnętrz.","blaty granitowe, nowoczesny design, polerowany kamień",nan
IMG0002,https://lumargo.pl/wp-content/uploads/2023/02/IMG_0230-1920x1440.jpeg,,blaty,"czarny, biały",marmur,polerowany,Wnętrze nowoczesnej kuchni z marmurowymi blatami.,"Eleganckie blaty marmurowe, które dodają stylu każdemu wnętrzu.","blaty marmurowe, nowoczesny design, kuchnia, wykończenie, stylowe wnętrze",nan
IMG0003,https://lumargo.pl/wp-content/uploads/2023/02/IMG_0227-1920x1440.jpeg,,blaty,"czarny, biały",granit,polerowany,Zdjęcie przedstawia nowoczesną kuchnię z blatem kamiennym.,"Elegancki blat kamienny, idealny do nowoczesnych wnętrz.","blaty kamienne, nowoczesny design, granitowy blat, kuchnia, wykończenie",nan
IMG0004,https://lumargo.pl/wp-content/uploads/2023/02/IMG_5358-1024x768-1.jpg,,blaty,czarny,granite,polished,Blat kuchenny w nowoczesnym wnętrzu.,"Elegancki czarny granit, idealny do nowoczesnych kuchni.","blat granitowy, nowoczesny design, wykończenie polerowane",nan
IMG0005,https://lumargo.pl/wp-content/uploads/2023/02/IMG_5355-1024x768-1-rotated.jpg,,blaty,"czarny, biały",nan,nan,Nowoczesna kuchnia z eleganckim blatem.,"Stylowy blat, który odmieni Twoją kuchnię.","nowoczesny design, elegancki blat, kuchnia, stylowe wnętrze",nan
IMG0006,https://lumargo.pl/wp-content/uploads/2023/02/IMG_4155-1920x1440.jpg,,blaty,"beżowy, brązowy",granite,polerowany,Zdjęcie przedstawia blat kuchenny w nowoczesnym wnętrzu.,"Elegancki blat granitowy, idealny do każdej kuchni.","blat kuchenny, granite, nowoczesny, polerowany, design",nan
IMG0007,https://lumargo.pl/wp-content/uploads/2023/02/IMG_3438-1920x1440.jpg,,blaty,szary,nan,matowy,Blat kuchenny w nowoczesnym wnętrzu.,"Elegancki szary blat, idealny do nowoczesnych kuchni.","blat kuchenny, nowoczesny design, matowe wykończenie, szary kolor",nan
IMG0008,https://lumargo.pl/wp-content/uploads/2023/02/IMG_3434-2-1920x1440.jpg,,blaty,szary,nan,nan,Zdjęcie przedstawia nowoczesną kuchnię z wyspą.,"Elegancka wyspa kuchenna, idealna do nowoczesnych wnętrz.","nowoczesna kuchnia, wyspa kuchenna, design wnętrz, szary kolor, styl minimalistyczny",nan
IMG0009,https://lumargo.pl/wp-content/uploads/2023/02/IMG_3239-1024x768-1.jpg,,blaty,czarny,granite,polerowany,Blat umieszczony w nowoczesnej łazience z eleganckimi akcentami.,"Elegancki czarny blat granitowy, idealny do nowoczesnych wnętrz.","blat granitowy, nowoczesny design, polerowane wykończenie",nan
IMG0010,https://lumargo.pl/wp-content/uploads/2023/02/FB_IMG_1424029137124.jpg,,blaty,czarny,granite,polerowany,Nowoczesna kuchnia z czarnym blatem granitowym.,"Elegancki czarny blat granitowy, idealny do nowoczesnych wnętrz.","blaty granitowe, nowoczesny design, kuchnia, wykończenie, elegancja",nan
IMG0011,https://lumargo.pl/wp-content/uploads/2023/02/DSC03744-1024x681-2.jpg,,blaty,czarny,granite,polerowany,Blat kuchenny w nowoczesnym wnętrzu.,"Elegancki czarny granit, idealny do nowoczesnych kuchni.","blaty granitowe, nowoczesny design, polerowany kamień, kuchnia, elegancki wystrój",nan
IMG0012,https://lumargo.pl/wp-content/uploads/2023/02/DSC03731-1024x681-1.jpg,,blaty,czarny,granit,polerowany,Zdjęcie przedstawia nowoczesną kuchnię z czarnym blatem.,"Elegancki czarny granit, idealny do nowoczesnych wnętrz.","blaty granitowe, nowoczesny design, kuchnia, wykończenie, polerowany",nan
IMG0013,https://lumargo.pl/wp-content/uploads/2023/02/DSC03724.jpg,,blaty,czarny,granite,polished,Nowoczesna kuchnia z eleganckim blatem granitowym.,"Elegancki granit, który doda blasku Twojej kuchni.","blaty granitowe, nowoczesny design, kuchnia, wykończenie, elegancja",nan
IMG0014,https://lumargo.pl/wp-content/uploads/2023/02/blat-konglomerat.jpg,,blaty,"beżowy, brązowy",konglomerat,polerowany,Zdjęcie przedstawia nowoczesną kuchnię z blatem konglomeratowym.,"Elegancki blat konglomeratowy, idealny do nowoczesnych wnętrz.","blat kuchenny, nowoczesny design, materiały wysokiej jakości, stylowe wykończenie",nan
IMG0015,https://lumargo.pl/wp-content/uploads/2023/02/20121208960-1024x691-1.jpg,,blaty,szary,granite,polerowany,Blat kuchenny w nowoczesnym wnętrzu.,"Elegancki blat granitowy, idealny do każdej kuchni.","blat granitowy, nowoczesny design, wykończenie polerowane, kuchnia, trwałość",nan
IMG0016,https://lumargo.pl/wp-content/uploads/2023/02/FB_IMG_1619281793749.jpg,,blaty,czarny,granite,polerowany,Zdjęcie przedstawia nowoczesną kuchnię z czarnym blatem.,"Elegancki czarny blat, idealny do nowoczesnych wnętrz.","czarny blat, granite, nowoczesna kuchnia, polerowany, design",nan
IMG0017,https://lumargo.pl/wp-content/uploads/2023/02/FB_IMG_1619281770390.jpg,,blaty,szary,nan,nan,Blat kamienny w nowoczesnej kuchni.,"Elegancki szary blat, idealny do nowoczesnych wnętrz.","blat kamienny, nowoczesny design, kuchnia, szary kolor, wykończenie",nan
IMG0018,https://lumargo.pl/wp-content/uploads/2023/02/FB_IMG_1619281767211.jpg,,blaty,"szary, biały",marmur,polerowany,Zdjęcie przedstawia nowoczesną kuchnię z marmurowymi blatami.,"Eleganckie blaty marmurowe, które dodają klasy każdej kuchni.","blaty marmurowe, nowoczesny design, kuchnia, wykończenie, elegancja",nan
IMG0019,https://lumargo.pl/wp-content/uploads/2023/02/20210325_170557-1920x2560.jpg,,blaty,szary,nan,nan,Zdjęcie przedstawia nowoczesną kuchnię w trakcie wykończenia.,"Eleganckie blaty kuchenne, które dodają stylu każdemu wnętrzu.","nowoczesne wnętrze, blaty kuchenne, szary kolor, stylowe wykończenie",nan
IMG0020,https://lumargo.pl/wp-content/uploads/2023/02/20201029_151440-1920x909.jpg,,blaty,czarny,granite,polerowany,Blat kuchenny w nowoczesnej aranżacji.,Elegancki czarny granit idealny do nowoczesnych wnętrz.,"blat kuchenny, granite, nowoczesny, polerowany, design",nan
IMG0021,https://lumargo.pl/wp-content/uploads/2023/02/20200614_110741-1920x1400.jpg,,blaty,szary,granite,polerowany,Blat kamienny w nowoczesnej łazience.,"Elegancki granitowy blat, idealny do nowoczesnych wnętrz.","blat granitowy, nowoczesny design, wykończenie polerowane, szary kolor",nan
IMG0022,https://lumargo.pl/wp-content/uploads/2023/02/20200612_145742-1920x909.jpg,,blaty,czarny,granite,polished,Blat umywalkowy w nowoczesnej łazience.,"Elegancki czarny granit, idealny do nowoczesnych wnętrz.","blat granitowy, nowoczesny design, wykończenie polerowane",nan
IMG0023,https://lumargo.pl/wp-content/uploads/2023/02/PicsArt_1411843364262-768x1024-1.jpg,,schody,beżowy,marmur,polerowany,Schody wykonane z marmuru w nowoczesnym wnętrzu.,"Eleganckie schody marmurowe, które dodają klasy każdemu wnętrzu.","schody marmurowe, wykończenie wnętrz, design, elegancja",nan
IMG0024,https://lumargo.pl/wp-content/uploads/2023/02/PicsArt_1411843196080.jpg,,schody,beżowy,marmur,polerowany,Schody wykonane z marmuru w nowoczesnym wnętrzu.,"Eleganckie schody marmurowe, które dodają klasy każdemu wnętrzu.","schody marmurowe, wykończenie wnętrz, design, elegancja",nan
IMG0025,https://lumargo.pl/wp-content/uploads/2023/02/IMG_20131115_053514-1920x1405.jpg,,schody,brązowy,granite,polerowany,"Schody prowadzą do wejścia domu, otoczone roślinnością.","Eleganckie schody granitowe, które dodają uroku każdemu wejściu.","schody granitowe, wykończenie polerowane, brązowy kamień, stylowe wejście",nan
IMG0026,https://lumargo.pl/wp-content/uploads/2023/02/IMG_20131020_045140-1024x681-1.jpg,,schody,"beżowy, szary",granite,polerowany,Schody prowadzą do wejścia do budynku.,"Eleganckie schody z granitu, które dodają stylu każdemu wejściu.","schody granitowe, wykończenie polerowane, stylowe wejście",nan
IMG0027,https://lumargo.pl/wp-content/uploads/2023/02/IMG_5823-1024x768-1.jpg,,schody,czarny,granit,polerowany,Widok na eleganckie schody prowadzące do nowoczesnego budynku.,"Stylowe schody granitowe, które dodają elegancji każdemu wejściu.","schody granitowe, nowoczesny design, wykończenie polerowane, eleganckie wejście",nan
IMG0028,https://lumargo.pl/wp-content/uploads/2023/02/IMG_5821-1920x1440.jpg,,schody,czarny,granite,polerowany,Ujęcie przedstawia schody z granitu w nowoczesnym otoczeniu.,"Eleganckie schody granitowe, które dodają stylu każdemu wejściu.","schody granitowe, nowoczesny design, wykończenie polerowane, eleganckie wejście",nan
IMG0029,https://lumargo.pl/wp-content/uploads/2023/02/IMG_5338-1024x768-1-rotated.jpg,,schody,szary,granit,polerowany,Schody wykonane z granitu w nowoczesnym wnętrzu.,"Eleganckie schody granitowe, które dodają stylu każdemu wnętrzu.","schody granitowe, nowoczesny design, wykończenie polerowane, eleganckie wnętrza",nan
IMG0030,https://lumargo.pl/wp-content/uploads/2023/02/IMG_5223-1024x768-1-rotated.jpg,,schody,beżowy,granite,polerowany,Schody wewnętrzne z granitu w nowoczesnym wnętrzu.,"Eleganckie schody granitowe, które dodają stylu każdemu wnętrzu.","schody granitowe, wykończenie polerowane, wnętrza nowoczesne, kamień naturalny",nan
IMG0031,https://lumargo.pl/wp-content/uploads/2023/02/IMG_5091-768x1154-1.jpg,,schody,beżowy,granite,polerowany,Schody w nowoczesnym wnętrzu z subtelnym oświetleniem.,"Eleganckie schody z granitu, które dodają stylu każdemu wnętrzu.","schody granitowe, nowoczesne wykończenie, eleganckie wnętrze, polerowany kamień",nan
IMG0032,https://lumargo.pl/wp-content/uploads/2023/02/IMG_5090.jpg,,schody,beżowy,nan,nan,Schody spiralne w nowoczesnym wnętrzu.,"Eleganckie schody spiralne, które dodają stylu każdemu wnętrzu.","schody spiralne, nowoczesne wnętrze, design, styl, kamień",nan
IMG0033,https://lumargo.pl/wp-content/uploads/2023/02/IMG_5089-682x1024-1.jpg,,schody,zielony,nan,nan,Schody spiralne w nowoczesnym wnętrzu.,"Eleganckie schody, które dodają stylu każdemu wnętrzu.","schody spiralne, nowoczesne wnętrze, design, styl, kamień",nan
IMG0034,https://lumargo.pl/wp-content/uploads/2023/02/IMG_4298-1920x1440.jpg,,schody,szary,granite,polerowany,Ujęcie przedstawia eleganckie schody w nowoczesnym ogrodzie.,"Stylowe schody granitowe, które dodają elegancji każdemu otoczeniu.","schody granitowe, nowoczesny design, wykończenie polerowane, ogrodowe schody",nan
IMG0035,https://lumargo.pl/wp-content/uploads/2023/02/IMG_4284-edytowany-768x1024-1.jpg,,schody,szary,granite,polerowany,Schody spiralne w nowoczesnym otoczeniu ogrodu.,"Eleganckie schody granitowe, które dodają stylu każdemu wnętrzu.","schody granitowe, nowoczesny design, polerowany kamień, spiralne schody",nan
IMG0036,https://lumargo.pl/wp-content/uploads/2023/02/DSC03751.jpg,,schody,czarny,granite,polerowany,Schody znajdują się w nowoczesnym wnętrzu z dużymi oknami.,"Eleganckie schody z granitu, które dodają stylu każdemu wnętrzu.","schody granitowe, nowoczesny design, wykończenie polerowane",nan
IMG0037,https://lumargo.pl/wp-content/uploads/2023/02/DSC03746.jpg,,schody,czarny,granite,polerowany,Schody z podświetleniem w nowoczesnym wnętrzu.,"Eleganckie schody z granitu, które dodają blasku każdemu wnętrzu.","schody granitowe, nowoczesne wykończenie, podświetlenie, design wnętrz",nan
IMG0038,https://lumargo.pl/wp-content/uploads/2023/02/DSC02391-790x1024-1.jpg,,schody,"czarny, szary",granite,polerowany,Schody prowadzą do wejścia do budynku.,"Eleganckie schody z granitu, które dodają stylu każdemu wejściu.","schody granitowe, polerowany kamień, nowoczesny design, wejście do domu",nan
IMG0039,https://lumargo.pl/wp-content/uploads/2023/02/DSC02384-774x1024-1.jpg,,schody,"czarny, szary",granit,polerowany,"Schody prowadzą do drzwi wejściowych, otoczone kamiennym murem.","Eleganckie schody granitowe, które dodają charakteru każdemu wejściu.","schody granitowe, wykończenie polerowane, styl nowoczesny",nan
IMG0040,https://lumargo.pl/wp-content/uploads/2023/02/DSC_2203-1024x680-1.jpg,,schody,brązowy,nan,nan,Zdjęcie przedstawia schody przed wejściem do sklepu.,"Eleganckie schody, które łączą styl z funkcjonalnością.","schody, brązowy kolor, stylowe wejście, design, architektura",nan
IMG0041,https://lumargo.pl/wp-content/uploads/2023/02/DSC_1122-1024x680-1.jpg,,schody,czarny,granite,polerowany,Schody spiralne wykonane z granitu w nowoczesnym wnętrzu.,"Eleganckie schody granitowe, które dodają klasy każdemu wnętrzu.","schody granitowe, nowoczesny design, wykończenie polerowane, eleganckie wnętrze",nan
IMG0042,https://lumargo.pl/wp-content/uploads/2023/02/DSC_1114-1024x680-1.jpg,,schody,"czarny, beżowy",granite,polerowany,Schody wykonane z granitu w nowoczesnym wnętrzu.,"Eleganckie schody granitowe, które dodają klasy każdemu wnętrzu.","schody granitowe, nowoczesne wnętrze, polerowany granit, design, elegancja",nan
IMG0043,https://lumargo.pl/wp-content/uploads/2023/02/DSC_00822-1024x690-1.jpg,,schody,"beżowy, szary",nan,nan,"Schody wykonane z kamienia, w nowoczesnym wnętrzu.","Eleganckie schody, które dodają stylu każdemu wnętrzu.","schody kamienne, nowoczesne wnętrze, design, elegancja",nan
IMG0044,https://lumargo.pl/wp-content/uploads/2023/02/20120628760-1024x491-1.jpg,,schody,czarny,granite,polerowany,"Schody prowadzą do wejścia budynku, otoczone zielenią.","Eleganckie schody granitowe, które dodają charakteru każdemu wejściu.","schody granitowe, polerowany kamień, elegancki design, wejście do domu",nan
IMG0045,https://lumargo.pl/wp-content/uploads/2023/02/20111105468-1024x574-1.jpg,,schody,szary,granite,polerowany,Schody znajdują się przy wejściu do budynku.,"Eleganckie schody z granitu, idealne do każdego domu.","schody granitowe, wykończenie polerowane, elegancki design",nan
IMG0046,https://lumargo.pl/wp-content/uploads/2023/02/20141029_121439-1024x768-1.jpg,,schody,beżowy,granite,polerowany,"Schody prowadzą do wejścia domu, otoczone roślinami.","Eleganckie schody z granitu, które dodają uroku każdemu wejściu.","schody granitowe, wykończenie polerowane, elegancki design",nan
IMG0047,https://lumargo.pl/wp-content/uploads/2023/02/20140812_075623-1024x768-1.jpg,,schody,brązowy,granite,polerowany,"Schody prowadzą do wejścia domu, otoczone kwiatami.","Eleganckie schody z granitu, które dodają uroku każdemu wejściu.","schody granitowe, wykończenie polerowane, brązowy kamień",nan
IMG0048,https://lumargo.pl/wp-content/uploads/2023/02/20140812_075548-1024x768-1-rotated.jpg,,schody,brązowy,nan,nan,"Schody prowadzą do wejścia domu, otoczone zielenią.","Eleganckie schody, które dodają uroku każdemu wejściu.","schody z kamienia, brązowe schody, stylowe wejście",nan
IMG0049,https://lumargo.pl/wp-content/uploads/2023/02/20140716_195539-1024x768-1.jpg,,schody,różowy,granit,polerowany,"Schody prowadzą do wejścia domu, otoczone zielenią.","Eleganckie schody granitowe, które dodają uroku każdemu wejściu.","schody granitowe, polerowany granit, elegancki design, wykończenie domu",nan
IMG0050,https://lumargo.pl/wp-content/uploads/2023/02/13413584_1030093647044111_3614185053121733920_n1.jpg,,schody,"beżowy, brązowy",granite,polerowany,Schody spiralne w nowoczesnym wnętrzu.,"Eleganckie schody granitowe, które dodają stylu każdemu wnętrzu.","schody granitowe, nowoczesne wnętrze, wykończenie kamienia, design, styl",nan
IMG0051,https://lumargo.pl/wp-content/uploads/2023/02/13406837_1030093973710745_6729692610601156524_n1.jpg,,schody,"beżowy, brązowy",nan,nan,Schody w nowoczesnym wnętrzu z jasnymi ścianami.,"Eleganckie schody, które dodają charakteru każdemu wnętrzu.","schody, wnętrze, kamień, design, nowoczesny",nan
IMG0052,https://lumargo.pl/wp-content/uploads/2023/02/12670093_956255684427908_6466663105014805059_n.jpg,,schody,biały,marmur,polerowany,Schody wykonane z marmuru w nowoczesnym wnętrzu.,"Eleganckie schody z marmuru, które dodają klasy każdemu wnętrzu.","schody marmurowe, wykończenie wnętrz, design nowoczesny",nan
IMG0053,https://lumargo.pl/wp-content/uploads/2023/02/12592462_956270881093055_36710670501952930_n.jpg,,schody,czarny,marmur,polerowany,Schody znajdują się w nowoczesnym wnętrzu.,Eleganckie schody z polerowanego marmuru w czarnym kolorze.,"schody marmurowe, nowoczesne wnętrze, polerowany kamień",nan
IMG0054,https://lumargo.pl/wp-content/uploads/2023/02/12191798_911167962270014_7407140072113976892_n.jpg,,schody,szary,granite,polerowany,Schody spiralne wykonane z granitu w nowoczesnym wnętrzu.,"Eleganckie schody granitowe, które dodają stylu każdemu wnętrzu.","schody granitowe, nowoczesny design, wykończenie polerowane, eleganckie wnętrze",nan
IMG0055,https://lumargo.pl/wp-content/uploads/2023/02/12118718_911168402269970_7132772255963521728_n.jpg,,schody,szary,granite,polerowany,"Schody otoczone są zielenią i wodą, tworząc harmonijną przestrzeń.","Eleganckie schody z granitu, idealne do każdego ogrodu.","schody granitowe, wykończenie polerowane, architektura ogrodowa",nan
IMG0056,https://lumargo.pl/wp-content/uploads/2023/02/12049507_911167642270046_6136322107610323421_n.jpg,,schody,szary,nan,nan,Ujęcie przedstawia eleganckie schody w otoczeniu zieleni i wody.,"Stylowe schody, które dodają elegancji każdemu otoczeniu.","schody, kamień, design, architektura, otoczenie",nan
IMG0057,https://lumargo.pl/wp-content/uploads/2023/02/11898624_886279311425546_6731288851351206666_n.jpg,,schody,czarny,granit,polerowany,"Schody prowadzą do wejścia domu, otoczone nowoczesnym wykończeniem.","Eleganckie schody granitowe, które dodają stylu każdemu wejściu.","schody granitowe, nowoczesne wykończenie, stylowe wejście",nan
IMG0058,https://lumargo.pl/wp-content/uploads/2023/02/11813283_874758439244300_5371808847417895271_n.jpg,,schody,szary,granite,polerowany,Schody wykonane z granitu w eleganckim otoczeniu.,"Eleganckie schody granitowe, które dodają klasy każdemu wnętrzu.","schody granitowe, wykończenie polerowane, elegancki design",nan
IMG0059,https://lumargo.pl/wp-content/uploads/2023/02/11229972_874758335910977_4958273058395771745_n.jpg,,schody,szary,marmur,polerowany,"Schody prowadzą do wejścia domu, otoczone zielenią.","Eleganckie schody z marmuru, idealne do każdego domu.","schody marmurowe, wykończenie polerowane, design zewnętrzny, elegancka architektura",nan
IMG0060,https://lumargo.pl/wp-content/uploads/2023/02/11215109_830498360336975_2052675920085661006_n.jpg,,schody,"różowy, beżowy",granite,polished,Schody prowadzą do wejścia do budynku mieszkalnego.,"Eleganckie schody granitowe, które dodają uroku każdemu wejściu.","schody granitowe, wykończenie, elegancki design, trwałość, stylowe wejście",nan
IMG0061,https://lumargo.pl/wp-content/uploads/2023/02/11209393_830133573706787_9102926796790817990_n.jpg,,schody,szary,granite,polerowany,Schody prowadzą do nowoczesnego wejścia domu.,"Eleganckie schody granitowe, które dodają stylu każdemu wejściu.","schody granitowe, nowoczesny design, wykończenie polerowane, trwałość, stylowe wejście",nan
IMG0062,https://lumargo.pl/wp-content/uploads/2023/02/10396295_830132907040187_608260213407258714_n.jpg,,schody,szary,granite,polerowany,Schody znajdują się przy wejściu do budynku mieszkalnego.,"Eleganckie schody granitowe, które dodają stylu każdemu wejściu.","schody granitowe, wykończenie polerowane, stylowe wejście",nan
IMG0063,https://lumargo.pl/wp-content/uploads/2023/02/10176263_976986939021449_2306289728278375514_n.jpg,,schody,beżowy,marmur,polerowany,Schody wykonane z marmuru w nowoczesnym wnętrzu.,"Eleganckie schody marmurowe, które dodają klasy każdemu wnętrzu.","schody marmurowe, nowoczesne wnętrze, wykończenie premium",nan
IMG0064,https://lumargo.pl/wp-content/uploads/2023/02/1468787_976986529021490_9116531547605537876_n.jpg,,schody,beżowy,marmur,polerowany,Schody wykonane z marmuru w nowoczesnym wnętrzu.,"Eleganckie schody marmurowe, które dodają klasy każdemu wnętrzu.","schody marmurowe, nowoczesne wnętrza, wykończenie kamienne, design, elegancja",nan
IMG0065,https://lumargo.pl/wp-content/uploads/2023/02/20220512_160806-1920x909.jpg,,schody,brązowy,granite,polerowany,Schody wykonane z granitu w otoczeniu domu.,"Eleganckie schody granitowe, które dodają uroku każdemu wejściu.","schody granitowe, wykończenie polerowane, brązowy granit, eleganckie schody",nan
IMG0066,https://lumargo.pl/wp-content/uploads/2023/02/20211030_151948-scaled.jpg,,schody,czarny,granite,polerowany,Schody prowadzą do nowoczesnego wnętrza.,"Eleganckie schody z granitu, idealne do nowoczesnych przestrzeni.","schody granitowe, nowoczesny design, wykończenie polerowane",nan
IMG0067,https://lumargo.pl/wp-content/uploads/2023/02/20211030_152054-1920x910.jpg,,schody,szary,granite,polerowany,Schody prowadzą do nowoczesnego wejścia budynku.,"Eleganckie schody granitowe, które dodają stylu każdemu wejściu.","schody granitowe, nowoczesny design, wykończenie polerowane",nan
IMG0068,https://lumargo.pl/wp-content/uploads/2023/02/20210720_134557-1920x909.jpg,,schody,nan,nan,nan,nan,nan,nan,nan
IMG0069,https://lumargo.pl/wp-content/uploads/2023/02/20210226_105344-1920x1351.jpg,,schody,beżowy,marmur,polerowany,Schody spiralne w eleganckim wnętrzu.,"Eleganckie schody marmurowe, które dodają klasy każdemu wnętrzu.","schody marmurowe, eleganckie wnętrze, polerowany marmur, design, spiralne schody",nan
IMG0070,https://lumargo.pl/wp-content/uploads/2023/02/20210226_104057-1920x2560.jpg,,schody,beżowy,nan,nan,Schody w nowoczesnym wnętrzu z elegancką balustradą.,"Eleganckie schody, które dodają stylu każdemu wnętrzu.","schody wewnętrzne, nowoczesny design, elegancka balustrada, wnętrze, stylowe schody",nan
IMG0071,https://lumargo.pl/wp-content/uploads/2023/02/20201008_140741-1920x910.jpg,,schody,"różowy, szary",granit,polerowany,"Schody prowadzą do wejścia budynku, otoczone ceglaną ścianą.","Eleganckie schody granitowe, które dodają charakteru każdemu wejściu.","schody granitowe, wykończenie polerowane, elegancki design",nan
IMG0072,https://lumargo.pl/wp-content/uploads/2023/02/20200727_161203-1920x910.jpg,,schody,brązowy,granite,polerowany,"Schody prowadzą do wejścia domu, otoczone zielenią.","Eleganckie schody z granitu, idealne do każdego domu.","schody granitowe, wykończenie polerowane, brązowy kamień",nan
IMG0073,https://lumargo.pl/wp-content/uploads/2023/02/20200811_170314-1920x910.jpg,,schody,czarny,granite,polerowany,Schody wykonane z granitu w nowoczesnym wnętrzu.,"Eleganckie schody granitowe, które dodają stylu każdemu wnętrzu.","schody granitowe, nowoczesny design, wykończenie wnętrz, polerowany granit",nan
IMG0074,https://lumargo.pl/wp-content/uploads/2023/02/20210624_170007-1920x1440.jpg,,schody,szary,granite,polerowany,Schody prowadzą do wejścia budynku.,"Eleganckie schody granitowe, idealne do każdego wnętrza.","schody granitowe, wykończenie polerowane, nowoczesny design",nan
IMG0075,https://lumargo.pl/wp-content/uploads/2023/02/20200727_131351-1920x910.jpg,,schody,szary,granite,polerowany,"Schody prowadzą do wejścia budynku, otoczone kostką brukową.","Eleganckie schody granitowe, które dodają stylu każdemu wejściu.","schody granitowe, wykończenie polerowane, stylowe wejście",nan
IMG0076,https://lumargo.pl/wp-content/uploads/2023/02/FB_IMG_1589827768977.jpg,,schody,"czarny, biały",nan,nan,Schody w nowoczesnym wnętrzu z minimalistycznym balustradą.,"Eleganckie schody, które dodają stylu każdemu wnętrzu.","schody nowoczesne, minimalistyczny design, wnętrza, stylowe schody",nan
IMG0077,https://lumargo.pl/wp-content/uploads/2023/02/20220831_140439-1920x1464.jpg,,nagrobki,"szary, czarny",granite,polerowany,"Nagrobek znajduje się na cmentarzu, otoczony innymi grobami.","Elegancki nagrobek z granitu, idealny na wieczną pamięć.","nagrobek granitowy, polerowany, nowoczesny, cmentarz, pamięć","{""style"":""nowoczesny"",""letter_material"":""mosiądz"",""letter_technique"":""grawerowane"",""has_photo_on_headboard"":""tak"",""photo_type"":""zdjęcie porcelanowe"",""grave_type"":""pojedynczy"",""headboard_shape"":""prosty"",""cover_type"":""pełna płyta"",""accessories"":[""lampion"",""krzyż""]}"
IMG0078,https://lumargo.pl/wp-content/uploads/2023/02/IMG_5831-1920x2180.jpg,,nagrobki,"czarny, szary",granite,polerowany,"Nagrobek znajduje się na cmentarzu, otoczony zielenią i kwiatami.","Elegancki nagrobek z granitu, idealny dla pamięci bliskich.","nagrobek granitowy, polerowany, nowoczesny, pamięć, cmentarz","{""style"":""nowoczesny"",""letter_material"":""mosiądz"",""letter_technique"":""grawerowane"",""has_photo_on_headboard"":""nie"",""photo_type"":""nan"",""grave_type"":""podwójny"",""headboard_shape"":""łuk"",""cover_type"":""pełna płyta"",""accessories"":[""lampion"",""krzyż""]}"
IMG0079,https://lumargo.pl/wp-content/uploads/2023/02/IMG_5440-1920x1440.jpg,,nagrobki,czarny,granite,polerowany,"Nagrobek znajduje się na cmentarzu, otoczony innymi grobami i kwiatami.","Elegancki nagrobek z granitu, idealny na wieczną pamięć.","nagrobek granitowy, polerowany, czarny kamień, nowoczesny design","{""style"":""nowoczesny"",""letter_material"":""mosiądz"",""letter_technique"":""grawerowane"",""has_photo_on_headboard"":""nie"",""photo_type"":""nan"",""grave_type"":""rodzinny"",""headboard_shape"":""łuk"",""cover_type"":""pełna płyta"",""accessories"":[""lampion""]}"
IMG0080,https://lumargo.pl/wp-content/uploads/2023/02/IMG_5416-1024x768-1.jpg,,nagrobki,"czarny, szary",granite,polerowany,"Nagrobek znajduje się na cmentarzu, otoczony kwiatami i zniczami.","Elegancki nagrobek z granitu, idealny na wieczną pamięć.","nagrobek granitowy, polerowany, nowoczesny, pamięć, kwiaty","{""style"":""nowoczesny"",""letter_material"":""mosiądz"",""letter_technique"":""grawerowane"",""has_photo_on_headboard"":""nie"",""photo_type"":""nan"",""grave_type"":""pojedynczy"",""headboard_shape"":""prosty"",""cover_type"":""pełna płyta"",""accessories"":[]}"
IMG0081,https://lumargo.pl/wp-content/uploads/2023/02/IMG_3585-e1510780822334-1024x768-1-rotated-e1675954163130.jpg,,nagrobki,szary,granite,polerowany,Nagrobek znajduje się na cmentarzu otoczonym zielenią.,"Elegancki nagrobek z granitu, idealny dla pamięci bliskich.","nagrobek granitowy, polerowany, nowoczesny, cmentarz, pamięć","{""style"":""nowoczesny"",""letter_material"":""mosiądz"",""letter_technique"":""grawerowane"",""has_photo_on_headboard"":""tak"",""photo_type"":""zdjęcie porcelanowe"",""grave_type"":""pojedynczy"",""headboard_shape"":""prosty"",""cover_type"":""pełna płyta"",""accessories"":[""lampion"",""krzyż""]}"
IMG0082,https://lumargo.pl/wp-content/uploads/2023/02/IMG_2576-1024x768-1-rotated.jpg,,nagrobki,"czarny, szary",granite,polerowany,"Nagrobek znajduje się na cmentarzu, otoczony kwiatami i zniczami.","Elegancki nagrobek z granitu, idealny na wieczną pamięć.","nagrobek granitowy, polerowany, nowoczesny, kwiaty, znicze","{""style"":""nowoczesny"",""letter_material"":""mosiądz"",""letter_technique"":""grawerowane"",""has_photo_on_headboard"":""nie"",""photo_type"":""nan"",""grave_type"":""pojedynczy"",""headboard_shape"":""prosty"",""cover_type"":""pełna płyta"",""accessories"":[""lampion"",""krzyż""]}"
IMG0083,https://lumargo.pl/wp-content/uploads/2023/02/IMG_3349-1920x2560.jpg,,nagrobki,"czarny, brązowy",granite,polerowany,"Nagrobek znajduje się na cmentarzu, otoczony kwiatami i lampionami.","Elegancki nagrobek z granitu, idealny na wieczną pamięć.","nagrobek granitowy, polerowany, nowoczesny, lampiony, kwiaty","{""style"":""nowoczesny"",""letter_material"":""mosiądz"",""letter_technique"":""grawerowane"",""has_photo_on_headboard"":""nie"",""photo_type"":""nan"",""grave_type"":""pojedynczy"",""headboard_shape"":""nieregularny"",""cover_type"":""pełna płyta"",""accessories"":[""lampion"",""wazon""]}"
IMG0084,https://lumargo.pl/wp-content/uploads/2023/02/IMG_1541-1024x768-1-rotated.jpg,,nagrobki,szary,granit,polerowany,"Nagrobek znajduje się na cmentarzu, otoczony innymi grobami.","Elegancki nagrobek granitowy, który upamiętnia bliskich.","nagrobek granitowy, polerowany, elegancki, cmentarz, pamięć","{""style"":""nowoczesny"",""letter_material"":""mosiądz"",""letter_technique"":""grawerowane"",""has_photo_on_headboard"":""nie"",""photo_type"":""nan"",""grave_type"":""pojedynczy"",""headboard_shape"":""prosty"",""cover_type"":""pełna płyta"",""accessories"":[]}"
IMG0085,https://lumargo.pl/wp-content/uploads/2023/02/IMG_0991-e1467450545842-1024x1024-1-rotated-e1675954182220.jpg,,nagrobki,szary,granit,polerowany,"Nagrobek znajduje się na cmentarzu, otoczony innymi grobami.","Elegancki nagrobek z granitu, idealny na wieczną pamięć.","nagrobek granitowy, polerowany, nowoczesny, pamięć, cmentarz","{""style"":""nowoczesny"",""letter_material"":""mosiądz"",""letter_technique"":""grawerowane"",""has_photo_on_headboard"":""nie"",""photo_type"":""nan"",""grave_type"":""pojedynczy"",""headboard_shape"":""prosty"",""cover_type"":""pełna płyta"",""accessories"":[]}"
IMG0086,https://lumargo.pl/wp-content/uploads/2023/02/IMAG0161-574x1024-1.jpg,,nagrobki,czerwony,granit,polerowany,Nagrobek znajduje się w spokojnym otoczeniu przyrody.,Elegancki nagrobek z granitu w nowoczesnym stylu.,"nagrobek granitowy, polerowany, nowoczesny, czerwony granit, dekoracje","{""style"":""nowoczesny"",""letter_material"":""mosiądz"",""letter_technique"":""grawerowane"",""has_photo_on_headboard"":""nie"",""photo_type"":""nan"",""grave_type"":""pojedynczy"",""headboard_shape"":""łuk"",""cover_type"":""pełna płyta"",""accessories"":[""krzyż"",""lampion""]}"
IMG0087,https://lumargo.pl/wp-content/uploads/2023/02/DSC02363-1024x768-1.jpg,,nagrobki,czarny,granite,polerowany,Nagrobek znajduje się na świeżo przygotowanym terenie cmentarnym.,"Elegancki nagrobek z granitu, idealny na wieczną pamięć.","nagrobek granitowy, polerowany, nowoczesny, pamięć, cmentarz","{""style"":""nowoczesny"",""letter_material"":""mosiądz"",""letter_technique"":""grawerowane"",""has_photo_on_headboard"":""nie"",""photo_type"":""nan"",""grave_type"":""pojedynczy"",""headboard_shape"":""prosty"",""cover_type"":""pełna płyta"",""accessories"":[""lampion""]}"
IMG0088,https://lumargo.pl/wp-content/uploads/2023/02/Ar10519_20130325T231907-974-e1428579927668.jpg,,nagrobki,szary,granit,polerowany,"Nagrobek znajduje się na cmentarzu, otoczony innymi grobami.","Elegancki nagrobek granitowy, który upamiętni bliskich.","nagrobek granitowy, polerowany, nowoczesny, cmentarz, pamięć","{""style"":""nowoczesny"",""letter_material"":""mosiądz"",""letter_technique"":""grawerowane"",""has_photo_on_headboard"":""nie"",""photo_type"":""nan"",""grave_type"":""pojedynczy"",""headboard_shape"":""prosty"",""cover_type"":""pełna płyta"",""accessories"":[]}"
IMG0089,https://lumargo.pl/wp-content/uploads/2023/02/20121031941-1024x574-1.jpg,,nagrobki,szary,granite,polerowany,"Nagrobki znajdują się na cmentarzu, otoczone innymi grobami i kwiatami.","Eleganckie nagrobki z granitu, które upamiętniają bliskich.","nagrobki granitowe, polerowany granit, pamięć o bliskich, cmentarz, styl nowoczesny","{""style"":""nowoczesny"",""letter_material"":""mosiądz"",""letter_technique"":""grawerowane"",""has_photo_on_headboard"":""tak"",""photo_type"":""zdjęcie porcelanowe"",""grave_type"":""podwójny"",""headboard_shape"":""prosty"",""cover_type"":""pełna płyta"",""accessories"":[""lampion"",""krzyż""]}"
IMG0090,https://lumargo.pl/wp-content/uploads/2023/02/20121003919-1024x574-1.jpg,,nagrobki,szary,granit,polerowany,"Nagrobek znajduje się na cmentarzu, otoczony innymi grobami.",Elegancki nagrobek granitowy w nowoczesnym stylu.,"nagrobek granitowy, polerowany, nowoczesny, cmentarz, pamięć","{""style"":""nowoczesny"",""letter_material"":""mosiądz"",""letter_technique"":""grawerowane"",""has_photo_on_headboard"":""nie"",""photo_type"":""nan"",""grave_type"":""pojedynczy"",""headboard_shape"":""prosty"",""cover_type"":""pełna płyta"",""accessories"":[]}"
IMG0091,https://lumargo.pl/wp-content/uploads/2023/02/20120921916-1024x574-1.jpg,,nagrobki,czerwony,granit,polerowany,"Nagrobek znajduje się na cmentarzu, otoczony innymi grobami.","Elegancki nagrobek z granitu, idealny na wieczną pamięć.","nagrobek granitowy, polerowany, czerwony granit, nowoczesny design, pamięć","{""style"":""nowoczesny"",""letter_material"":""mosiądz"",""letter_technique"":""grawerowane"",""has_photo_on_headboard"":""tak"",""photo_type"":""zdjęcie porcelanowe"",""grave_type"":""pojedynczy"",""headboard_shape"":""prosty"",""cover_type"":""pełna płyta"",""accessories"":[""lampion"",""krzyż mosiężny""]}"
IMG0092,https://lumargo.pl/wp-content/uploads/2023/02/20150626_185718-1024x768-1-rotated.jpg,,nagrobki,"czarny, brązowy",granite,polerowany,"Nagrobek znajduje się na cmentarzu, otoczony innymi grobami i zielenią.","Elegancki nagrobek z granitu, idealny na wieczną pamięć.","nagrobek granitowy, polerowany, nowoczesny, cmentarz, pamięć","{""style"":""nowoczesny"",""letter_material"":""mosiądz"",""letter_technique"":""grawerowane"",""has_photo_on_headboard"":""nie"",""photo_type"":""nan"",""grave_type"":""pojedynczy"",""headboard_shape"":""prosty"",""cover_type"":""pełna płyta"",""accessories"":[""lampion"",""wazon""]}"
IMG0093,https://lumargo.pl/wp-content/uploads/2023/02/20150626_185504-1024x768-1.jpg,,nagrobki,niebieski,granit,polerowany,"Nagrobek znajduje się na cmentarzu, otoczony innymi grobami.",Elegancki nagrobek z granitu w niebieskim odcieniu.,"nowoczesny, granit, polerowany, nagrobek z zdjęciem, litery złote","{""style"":""nowoczesny"",""letter_material"":""mosiądz"",""letter_technique"":""grawerowane"",""has_photo_on_headboard"":""tak"",""photo_type"":""zdjęcie porcelanowe"",""grave_type"":""podwójny"",""headboard_shape"":""łuk"",""cover_type"":""pełna płyta"",""accessories"":[""wazon"",""lampion""]}"
IMG0094,https://lumargo.pl/wp-content/uploads/2023/02/20150525_182901-1024x768-1-rotated.jpg,,nagrobki,szary,granite,polerowany,Nagrobek znajduje się w otoczeniu innych grobów na cmentarzu.,"Elegancki nagrobek z granitu, idealny na wieczną pamięć.","nagrobek granitowy, polerowany, nowoczesny, pamięć, cmentarz","{""style"":""nowoczesny"",""letter_material"":""mosiądz"",""letter_technique"":""grawerowane"",""has_photo_on_headboard"":""nie"",""photo_type"":""nan"",""grave_type"":""pojedynczy"",""headboard_shape"":""łuk"",""cover_type"":""pełna płyta"",""accessories"":[""krzyż""]}"
IMG0095,https://lumargo.pl/wp-content/uploads/2023/02/20150522_144945-1024x768-1.jpg,,nagrobki,szary,granit,polerowany,"Nagrobek znajduje się na cmentarzu, otoczony innymi grobami.","Elegancki nagrobek granitowy, idealny na wieczną pamięć.","nagrobek granitowy, polerowany, elegancki, cmentarz, pamięć","{""style"":""nowoczesny"",""letter_material"":""mosiądz"",""letter_technique"":""grawerowane"",""has_photo_on_headboard"":""nie"",""photo_type"":""nan"",""grave_type"":""pojedynczy"",""headboard_shape"":""prosty"",""cover_type"":""pełna płyta"",""accessories"":[""lampion"",""wazon""]}"
IMG0096,https://lumargo.pl/wp-content/uploads/2023/02/20150515_130437-1024x768-1-rotated.jpg,,nagrobki,czarny,granite,polerowany,"Nagrobek znajduje się w naturalnym otoczeniu, na cmentarzu.","Elegancki nagrobek z granitu, idealny na wieczną pamięć.","nagrobek granitowy, polerowany, nowoczesny, złote litery, wazon","{""style"":""nowoczesny"",""letter_material"":""mosiądz"",""letter_technique"":""grawerowane"",""has_photo_on_headboard"":""tak"",""photo_type"":""grawer laserowy"",""grave_type"":""pojedynczy"",""headboard_shape"":""prosty"",""cover_type"":""pełna płyta"",""accessories"":[""wazon"",""lampion"",""krzyż""]}"
IMG0097,https://lumargo.pl/wp-content/uploads/2023/02/20150403_082036-e1428579115420-1024x768-1-rotated-e1675954200114.jpg,,nagrobki,czarny,granite,polerowany,"Nagrobek znajduje się na cmentarzu, otoczony innymi grobami.","Elegancki nagrobek z granitu, idealny na wieczną pamięć.","nagrobek granitowy, polerowany, nowoczesny, dekoracje cmentarne, pamięć","{""style"":""nowoczesny"",""letter_material"":""mosiądz"",""letter_technique"":""grawerowane"",""has_photo_on_headboard"":""tak"",""photo_type"":""zdjęcie porcelanowe"",""grave_type"":""pojedynczy"",""headboard_shape"":""prosty"",""cover_type"":""pełna płyta"",""accessories"":[""lampion"",""wazon""]}"
IMG0098,https://lumargo.pl/wp-content/uploads/2023/02/20140701_174138-1024x768-1.jpg,,nagrobki,"czerwony, szary",granit,polerowany,"Nagrobek znajduje się na cmentarzu, otoczony innymi grobami i kwiatami.","Elegancki nagrobek z granitu, idealny na wieczną pamięć.","nagrobek granitowy, polerowany, cmentarz, pamięć, kwiaty","{""style"":""nowoczesny"",""letter_material"":""mosiądz"",""letter_technique"":""grawerowane"",""has_photo_on_headboard"":""tak"",""photo_type"":""zdjęcie porcelanowe"",""grave_type"":""podwójny"",""headboard_shape"":""prosty"",""cover_type"":""pełna płyta"",""accessories"":[""lampion"",""wazon""]}"
IMG0099,https://lumargo.pl/wp-content/uploads/2023/02/20140627_163242-1024x768-1-rotated.jpg,,nagrobki,szary,granite,polerowany,"Nagrobek znajduje się na cmentarzu, otoczony zielenią.","Elegancki nagrobek z granitu, idealny na wieczną pamięć.","nagrobek granitowy, polerowany, nowoczesny, szary, pamięć","{""style"":""nowoczesny"",""letter_material"":""mosiądz"",""letter_technique"":""grawerowane"",""has_photo_on_headboard"":""nie"",""photo_type"":""nan"",""grave_type"":""pojedynczy"",""headboard_shape"":""prosty"",""cover_type"":""pełna płyta"",""accessories"":[]}"
IMG0100,https://lumargo.pl/wp-content/uploads/2023/02/20140512_092450-1024x768-1.jpg,,nagrobki,"szary, brązowy",granite,polerowany,Nagrobek otoczony zielenią i zniczami.,"Elegancki nagrobek z granitu, idealny na wieczną pamięć.","nagrobek granitowy, polerowany, nowoczesny, z lampionami, zielona przestrzeń","{""style"":""nowoczesny"",""letter_material"":""mosiądz"",""letter_technique"":""grawerowane"",""has_photo_on_headboard"":""tak"",""photo_type"":""zdjęcie porcelanowe"",""grave_type"":""podwójny"",""headboard_shape"":""prosty"",""cover_type"":""pełna płyta"",""accessories"":[""lampion"",""krzyż""]}"
IMG0101,https://lumargo.pl/wp-content/uploads/2023/02/20130705_161839-1024x768-1.jpg,,nagrobki,czarny,granit,polerowany,"Nagrobek znajduje się na cmentarzu, otoczony zielenią.",Elegancki nagrobek z personalizowanym grawerem.,"nagrobek granitowy, polerowany, personalizacja, czarny granit, styl nowoczesny","{""style"":""nowoczesny"",""letter_material"":""mosiądz"",""letter_technique"":""grawerowane"",""has_photo_on_headboard"":""tak"",""photo_type"":""grawer laserowy"",""grave_type"":""pojedynczy"",""headboard_shape"":""nieregularny"",""cover_type"":""pełna płyta"",""accessories"":[""krzyż""]}"
IMG0102,https://lumargo.pl/wp-content/uploads/2023/02/20130629_170735-768x1024-1.jpg,,nagrobki,szary,granit,polerowany,"Nagrobek znajduje się na cmentarzu, otoczony kwiatami i innymi nagrobkami.",Elegancki nagrobek granitowy z nowoczesnym wykończeniem.,"nagrobek granitowy, polerowany, nowoczesny, cmentarz, pamięć","{""style"":""nowoczesny"",""letter_material"":""mosiądz"",""letter_technique"":""grawerowane"",""has_photo_on_headboard"":""nie"",""photo_type"":""nan"",""grave_type"":""pojedynczy"",""headboard_shape"":""prosty"",""cover_type"":""pełna płyta"",""accessories"":[""wazon"",""krzyż""]}"
IMG0103,https://lumargo.pl/wp-content/uploads/2023/02/2013-04-26-051-1024x574-1.jpg,,nagrobki,szary,granit,polerowany,"Nagrobek znajduje się na cmentarzu, otoczony innymi grobami i kwiatami.",Elegancki nagrobek granitowy z polerowanym wykończeniem.,"nagrobek granitowy, polerowany, elegancki, cmentarz, pamięć","{""style"":""nowoczesny"",""letter_material"":""mosiądz"",""letter_technique"":""grawerowane"",""has_photo_on_headboard"":""nie"",""photo_type"":""nan"",""grave_type"":""pojedynczy"",""headboard_shape"":""prosty"",""cover_type"":""pełna płyta"",""accessories"":[""lampion"",""krzyż""]}"
IMG0104,https://lumargo.pl/wp-content/uploads/2023/02/20220630_120356-1920x909.jpg,,nagrobki,"czarny, szary",granite,polerowany,"Nagrobek znajduje się na cmentarzu, otoczony kwiatami i zniczami.","Elegancki nagrobek z granitu, idealny na wieczną pamięć.","nagrobek granitowy, polerowany, nowoczesny, kwiaty na grobie, cmentarz","{""style"":""nowoczesny"",""letter_material"":""mosiądz"",""letter_technique"":""grawerowane"",""has_photo_on_headboard"":""tak"",""photo_type"":""zdjęcie porcelanowe"",""grave_type"":""pojedynczy"",""headboard_shape"":""prosty"",""cover_type"":""pełna płyta"",""accessories"":[""lampion"",""wazon""]}"
IMG0105,https://lumargo.pl/wp-content/uploads/2023/02/20220413_170801-scaled.jpg,,nagrobki,"szary, czarny",granit,polerowany,"Nagrobek znajduje się w otoczeniu drzew, na świeżym powietrzu.","Elegancki nagrobek z granitu, idealny na wieczną pamięć.","nagrobek granitowy, polerowany, nowoczesny, pamięć, stylowy","{""style"":""nowoczesny"",""letter_material"":""mosiądz"",""letter_technique"":""grawerowane"",""has_photo_on_headboard"":""tak"",""photo_type"":""zdjęcie porcelanowe"",""grave_type"":""pojedynczy"",""headboard_shape"":""prosty"",""cover_type"":""pełna płyta"",""accessories"":[""lampion"",""wazon""]}"
IMG0106,https://lumargo.pl/wp-content/uploads/2023/02/20210930_171026-1920x4051.jpg,,nagrobki,szary,granit,polerowany,Nagrobek znajduje się na cmentarzu w otoczeniu innych grobów.,"Elegancki nagrobek z granitu, idealny na wieczną pamiątkę.","nagrobek granitowy, polerowany, elegancki, cmentarz, pamiątka","{""style"":""nowoczesny"",""letter_material"":""mosiądz"",""letter_technique"":""grawerowane"",""has_photo_on_headboard"":""tak"",""photo_type"":""zdjęcie porcelanowe"",""grave_type"":""pojedynczy"",""headboard_shape"":""prosty"",""cover_type"":""pełna płyta"",""accessories"":[""lampion""]}"
IMG0107,https://lumargo.pl/wp-content/uploads/2023/02/20210914_133651-1920x910.jpg,,nagrobki,"czarny, szary",granite,polerowany,Nagrobki w otoczeniu zieleni na cmentarzu.,"Elegancki nagrobek z granitu, idealny na wieczną pamięć.","nagrobek granitowy, polerowany, cmentarz, pamięć, styl nowoczesny","{""style"":""nowoczesny"",""letter_material"":""mosiądz"",""letter_technique"":""grawerowane"",""has_photo_on_headboard"":""tak"",""photo_type"":""zdjęcie porcelanowe"",""grave_type"":""pojedynczy"",""headboard_shape"":""prosty"",""cover_type"":""pełna płyta"",""accessories"":[""lampion"",""wazon""]}"
IMG0108,https://lumargo.pl/wp-content/uploads/2023/02/20210714_140118-1920x909.jpg,,nagrobki,czarny,granite,polerowany,Nagrobek znajduje się na cmentarzu otoczonym innymi grobami.,"Elegancki nagrobek z granitu, idealny na wieczną pamięć.","nagrobek granitowy, polerowany, elegancki, cmentarz, pamięć","{""style"":""nowoczesny"",""letter_material"":""mosiądz"",""letter_technique"":""grawerowane"",""has_photo_on_headboard"":""tak"",""photo_type"":""zdjęcie porcelanowe"",""grave_type"":""pojedynczy"",""headboard_shape"":""prosty"",""cover_type"":""pełna płyta"",""accessories"":[""lampion""]}"
IMG0109,https://lumargo.pl/wp-content/uploads/2023/02/20210430_162648-1920x2560.jpg,,nagrobki,"szary, czarny",granite,polished,"Nagrobek znajduje się na cmentarzu, otoczony innymi grobami.","Elegancki nagrobek z granitu, idealny dla pamięci bliskich.","nagrobek granitowy, polerowany, nowoczesny, pamięć, cmentarz","{""style"":""nowoczesny"",""letter_material"":""mosiądz"",""letter_technique"":""grawerowane"",""has_photo_on_headboard"":""tak"",""photo_type"":""zdjęcie porcelanowe"",""grave_type"":""podwójny"",""headboard_shape"":""prosty"",""cover_type"":""pełna płyta"",""accessories"":[""lampion"",""krzyż""]}"
IMG0110,https://lumargo.pl/wp-content/uploads/2023/02/20201024_165516-scaled.jpg,,nagrobki,szary,granite,polerowany,"Nagrobek znajduje się na cmentarzu, otoczony kwiatami i zniczami.","Elegancki nagrobek z granitu, idealny na wieczną pamięć.","nagrobek granitowy, polerowany, elegancki, pamięć, cmentarz","{""style"":""nowoczesny"",""letter_material"":""mosiądz"",""letter_technique"":""grawerowane"",""has_photo_on_headboard"":""tak"",""photo_type"":""zdjęcie porcelanowe"",""grave_type"":""pojedynczy"",""headboard_shape"":""prosty"",""cover_type"":""pełna płyta"",""accessories"":[""lampion"",""krzyż""]}"
IMG0111,https://lumargo.pl/wp-content/uploads/2023/02/20201021_144220-1920x910.jpg,,nagrobki,szary,granit,polerowany,Nagrobek znajduje się na cmentarzu otoczonym innymi grobami i kwiatami.,"Elegancki nagrobek granitowy, który upamiętnia bliskich.","nagrobek granitowy, polerowany, cmentarz, pamięć, elegancja","{""style"":""nowoczesny"",""letter_material"":""mosiądz"",""letter_technique"":""grawerowane"",""has_photo_on_headboard"":""nie"",""photo_type"":""nan"",""grave_type"":""pojedynczy"",""headboard_shape"":""prosty"",""cover_type"":""pełna płyta"",""accessories"":[]}"
IMG0112,https://lumargo.pl/wp-content/uploads/2023/02/20200907_110632-1920x909.jpg,,nagrobki,czerwony,granit,polerowany,"Nagrobek znajduje się na cmentarzu, otoczony innymi grobami i zielenią.","Elegancki nagrobek z granitu, idealny na wieczną pamięć.","nagrobek granitowy, polerowany, czerwony granit, pamięć, cmentarz","{""style"":""nowoczesny"",""letter_material"":""mosiądz"",""letter_technique"":""grawerowane"",""has_photo_on_headboard"":""tak"",""photo_type"":""zdjęcie porcelanowe"",""grave_type"":""podwójny"",""headboard_shape"":""łuk"",""cover_type"":""pełna płyta"",""accessories"":[""lampion"",""krzyż""]}"
IMG0113,https://lumargo.pl/wp-content/uploads/2023/02/IMG_1112-1920x2560.jpeg,,nagrobki,"czarny, szary",granite,polerowany,"Nagrobek znajduje się na cmentarzu, otoczony innymi grobami i kwiatami.",Elegancki nagrobek z personalizowanym grawerem.,"nagrobek granitowy, polerowany, grawerowanie, czarny kamień, nowoczesny design","{""style"":""nowoczesny"",""letter_material"":""mosiądz"",""letter_technique"":""grawerowane"",""has_photo_on_headboard"":""tak"",""photo_type"":""grawer laserowy"",""grave_type"":""pojedynczy"",""headboard_shape"":""prosty"",""cover_type"":""pełna płyta"",""accessories"":[""krzyż mosiężny""]}"
IMG0114,https://lumargo.pl/wp-content/uploads/2023/02/IMG_4301-1024x768-1-rotated.jpg,,posadzki,szary,granite,polerowany,Ujęcie przedstawia nowoczesną przestrzeń z kamienną posadzką.,"Elegancka posadzka granitowa, idealna do nowoczesnych wnętrz.","posadzka granitowa, nowoczesny design, wykończenie kamienia",nan
IMG0115,https://lumargo.pl/wp-content/uploads/2023/02/IMG_4300-1024x768-1.jpg,,posadzki,szary,granite,polerowany,Ujęcie przedstawia nowoczesną przestrzeń z granitową posadzką.,"Elegancka posadzka granitowa, idealna do nowoczesnych wnętrz.","granity, posadzki z kamienia, nowoczesny design, wykończenie, architektura",nan
IMG0116,https://lumargo.pl/wp-content/uploads/2023/02/IMG_4298-1024x768-1.jpg,,posadzki,szary,granite,polerowany,Ujęcie przedstawia elegancką posadzkę w ogrodzie.,"Elegancka posadzka granitowa, idealna do nowoczesnych przestrzeni.","posadzki granitowe, wykończenie polerowane, nowoczesny design",nan
IMG0117,https://lumargo.pl/wp-content/uploads/2023/02/IMG_4290-1024x768-1.jpg,,posadzki,szary,granite,polerowany,Ujęcie przedstawia taras z granitową posadzką.,Elegancka posadzka granitowa idealna do nowoczesnych przestrzeni.,"granity, posadzki, nowoczesny, wykończenie, taras",nan
IMG0118,https://lumargo.pl/wp-content/uploads/2023/02/IMG_4190-1024x768-1-rotated.jpg,,posadzki,szary,granite,polerowany,Zdjęcie przedstawia nowoczesny korytarz z elegancką posadzką.,"Elegancka posadzka granitowa, idealna do nowoczesnych wnętrz.","posadzki granitowe, nowoczesne wnętrza, wykończenie podłóg",nan
IMG0119,https://lumargo.pl/wp-content/uploads/2023/02/DSC_1147-1024x680-1.jpg,,posadzki,"czarny, brązowy",nan,nan,Wnętrze nowoczesnego pomieszczenia z podłogą z kamienia.,"Elegancka podłoga, która nadaje charakter każdemu wnętrzu.","podłoga kamienna, nowoczesne wnętrze, design, elegancja",nan
IMG0120,https://lumargo.pl/wp-content/uploads/2023/02/DSC_1138-1920x1275.jpg,,posadzki,"beżowy, czarny",nan,nan,Wnętrze nowoczesnego domu z elegancką posadzką.,"Elegancka posadzka, która doda klasy każdemu wnętrzu.","nowoczesne wnętrze, posadzki, elegancki design",nan
IMG0121,https://lumargo.pl/wp-content/uploads/2023/02/DSC_1104-680x1024-1.jpg,,posadzki,"czarny, brązowy",granite,polerowany,Wnętrze z eleganckimi wykończeniami kamiennymi.,"Eleganckie posadzki, które dodają klasy każdemu wnętrzu.","posadzki granitowe, wykończenia wnętrz, kamień naturalny, elegancki design",nan
IMG0122,https://lumargo.pl/wp-content/uploads/2023/02/13434877_1030093593710783_2550775385409870612_n.jpg,,posadzki,"brązowy, beżowy",granite,polerowany,Zdjęcie przedstawia elegancką posadzkę w nowoczesnym wnętrzu.,"Elegancka posadzka granitowa, która doda klasy Twojemu wnętrzu.","posadzka granitowa, nowoczesne wnętrze, wykończenie, kamień naturalny, design",nan
IMG0123,https://lumargo.pl/wp-content/uploads/2023/02/12670279_956255631094580_2399089090232716264_n.jpg,,posadzki,biały,marmur,polerowany,Wnętrze nowoczesnego budynku z dużymi oknami.,"Elegancka posadzka marmurowa, idealna do nowoczesnych wnętrz.","marmur, posadzka, nowoczesny, polerowany, wnętrze",nan
IMG0124,https://lumargo.pl/wp-content/uploads/2023/02/12037938_911168462269964_4434356023060729442_n.jpg,,posadzki,szary,granite,polerowany,Widok na elegancką posadzkę w otoczeniu zieleni.,"Elegancka posadzka granitowa, idealna do każdego ogrodu.","posadzka granitowa, szary kamień, wykończenie polerowane, ogród, design",nan
IMG0125,https://lumargo.pl/wp-content/uploads/2023/02/11811479_874758502577627_4874620359077333491_n.jpg,,posadzki,szary,granite,polerowany,Zdjęcie przedstawia elegancką posadzkę w nowoczesnym otoczeniu.,"Elegancka posadzka granitowa, idealna do nowoczesnych wnętrz.","posadzki granitowe, nowoczesny design, wykończenie polerowane",nan
IMG0126,https://lumargo.pl/wp-content/uploads/2023/02/11204874_832523753467769_5001993930083453413_n.jpg,,posadzki,szary,granite,polerowany,Zdjęcie przedstawia korytarz z podłogą wykonaną z granitu.,"Elegancka podłoga granitowa, która doda klasy Twojemu wnętrzu.","podłoga granitowa, wykończenie wnętrz, elegancki design, trwałość, nowoczesne wnętrza",nan
IMG0127,https://lumargo.pl/wp-content/uploads/2023/02/1017525_832522676801210_2912700471512545273_n.jpg,,posadzki,"brązowy, szary",granite,polerowany,Zdjęcie przedstawia nowoczesną kuchnię z różnymi rodzajami podłóg.,"Eleganckie podłogi, które dodają charakteru każdemu wnętrzu.","podłogi granitowe, nowoczesne wnętrza, wykończenie kamienne",nan
IMG0128,https://lumargo.pl/wp-content/uploads/2023/02/DSC02417-1024x768-1.jpg,,elewacje,"beżowy, brązowy",granite,polerowany,Zdjęcie przedstawia elewację budynku z kamiennymi detalami.,Elegancka elewacja z wysokiej jakości granitu.,"elewacja kamienna, granite, nowoczesny design, wykończenie budynku",nan
IMG0129,https://lumargo.pl/wp-content/uploads/2023/02/DSC_1188-1024x680-1.jpg,,elewacje,"szary, biały",nan,nan,Zdjęcie przedstawia nowoczesny budynek w otoczeniu zieleni.,"Elegancka elewacja, która przyciąga wzrok.","nowoczesna architektura, elewacja, budownictwo, design, zielona przestrzeń",nan
IMG0130,https://lumargo.pl/wp-content/uploads/2023/02/DSC_1172-1024x680-1.jpg,,elewacje,szary,piaskowiec,naturalny,Ujęcie przedstawia elewację hotelu z kamiennym elementem dekoracyjnym.,Elegancka elewacja z naturalnego kamienia dla wyjątkowego wyglądu.,"elewacja kamienna, dekoracje z kamienia, naturalny wygląd",nan
IMG0131,https://lumargo.pl/wp-content/uploads/2023/02/21022013017-1024x448-1.jpg,,elewacje,beżowy,piaskowiec,polerowany,Zdjęcie przedstawia elewację banku w zimowym otoczeniu.,"Elegancka elewacja z piaskowca, idealna do nowoczesnych budynków.","elewacja, kamień naturalny, nowoczesny design, polerowany, piaskowiec",nan
IMG0132,https://lumargo.pl/wp-content/uploads/2023/02/21022013012-1024x755-1.jpg,,elewacje,beżowy,travertyn,polerowany,Zdjęcie przedstawia elewację budynku w zimowym otoczeniu.,"Elegancka elewacja z travertynu, idealna do nowoczesnych budynków.","elewacja, travertyn, polerowany, nowoczesny, design",nan
IMG0133,https://lumargo.pl/wp-content/uploads/2023/02/20130802_144302-1024x661-1.jpg,,elewacje,"szary, brązowy",kamień naturalny,surowy,Ujęcie przedstawia elewację z kamienia naturalnego w otoczeniu drzew.,"Elegancka elewacja z kamienia naturalnego, idealna do każdego domu.","elewacja kamienna, naturalny kamień, wykończenie budynku, styl nowoczesny",nan
IMG0134,https://lumargo.pl/wp-content/uploads/2023/02/20200929_104557-1-1-1920x909.jpg,,elewacje,beżowy,piaskowiec,polerowany,Ujęcie przedstawia elewację budynku w miejskim otoczeniu.,"Elegancka elewacja z piaskowca, idealna do nowoczesnych budynków.","elewacja, piaskowiec, nowoczesny, wykończenie, budownictwo",nan
IMG0135,https://lumargo.pl/wp-content/uploads/2023/02/20200929_104715-1920x910.jpg,,elewacje,beżowy,piaskowiec,naturalny,Zdjęcie przedstawia nowoczesny budynek z elewacją z piaskowca w miejskim otoczeniu.,"Elegancka elewacja z piaskowca, która wyróżnia każdy budynek.","elewacja, piaskowiec, nowoczesny budynek, wykończenie, architektura",nan
IMG0136,https://lumargo.pl/wp-content/uploads/2023/02/20210225_095702-1920x1440.jpg,,kominki,szary,nan,nan,Kominek w nowoczesnym wnętrzu z jasnymi ścianami.,"Elegancki kominek, który doda charakteru Twojemu wnętrzu.","kominek, nowoczesny design, wystrój wnętrz, szary kamień",nan
IMG0137,https://lumargo.pl/wp-content/uploads/2023/02/DSC03709-1920x1072.jpg,,kominki,biały,marmur,polerowany,Kominek w nowoczesnym wnętrzu z drewnianymi akcentami.,"Elegancki kominek z marmuru, idealny do nowoczesnych wnętrz.","kominek, marmur, nowoczesny, wykończenie, wnętrze",nan
IMG0138,https://lumargo.pl/wp-content/uploads/2023/02/DSC03708-1024x638-1.jpg,,kominki,biały,marmur,polerowany,Kominek w nowoczesnym wnętrzu z marmurowym blatem.,"Elegancki kominek z marmuru, idealny do nowoczesnych przestrzeni.","kominek marmurowy, nowoczesny design, wykończenie wnętrz, elegancki styl",nan
IMG0139,https://lumargo.pl/wp-content/uploads/2023/02/DSC_1098-1920x1275.jpg,,kominki,"czarny, biały",granite,polerowany,Kominek w nowoczesnym wnętrzu z eleganckimi detalami.,"Stylowy kominek, który doda charakteru każdemu pomieszczeniu.","kominek, granite, nowoczesny, wykończenie, design",nan
IMG0140,https://lumargo.pl/wp-content/uploads/2023/02/DSC_0065-scaled.jpg,,kominki,"beżowy, brązowy",nan,nan,Kominek w nowoczesnym wnętrzu.,"Elegancki kominek, który doda ciepła każdemu pomieszczeniu.","kominek, wnętrze, styl nowoczesny, ciepło, design",nan
IMG0141,https://lumargo.pl/wp-content/uploads/2023/02/20150210_113156-1920x1440.jpg,,kominki,biały,marmur,polerowany,Kominek w nowoczesnym wnętrzu z drewnianymi akcentami.,"Elegancki kominek z marmuru, idealny do nowoczesnych aranżacji.","kominek marmurowy, nowoczesny design, wykończenie polerowane",nan
IMG0142,https://lumargo.pl/wp-content/uploads/2023/02/20150210_113135-1920x1440.jpg,,kominki,biały,marmur,polerowany,Kominek w nowoczesnym wnętrzu z drewnianymi akcentami.,"Elegancki kominek z marmuru, idealny do nowoczesnych wnętrz.","kominek marmurowy, nowoczesny design, wykończenie wnętrz, elegancki styl",nan
IMG0143,https://lumargo.pl/wp-content/uploads/2023/02/13393970_1030093693710773_7870197288733529318_n.jpg,,kominki,czarny,granite,polerowany,Kominek w nowoczesnym wnętrzu z eleganckim wykończeniem.,"Elegancki kominek, który doda stylu każdemu wnętrzu.","kominek nowoczesny, granite, wykończenie polerowane, stylowe wnętrze",nan
IMG0144,https://lumargo.pl/wp-content/uploads/2023/02/13466088_1030093670377442_7675113228169387250_n-300x225-1.jpg,,kominki,czarny,granite,polerowany,Kominek w nowoczesnym wnętrzu z eleganckim wykończeniem.,"Elegancki kominek z granitu, idealny do nowoczesnych wnętrz.","kominek granitowy, nowoczesne wnętrze, polerowany kamień, elegancki design",nan
IMG0145,https://lumargo.pl/wp-content/uploads/2023/02/20210508_105955-1920x2560.jpg,,lazienki,"czarny, biały",nan,nan,Nowoczesna łazienka z dużymi oknami i eleganckimi detalami.,"Stylowa łazienka, która łączy elegancję z funkcjonalnością.","nowoczesny design, elegancka łazienka, stylowe wnętrze",nan
IMG0146,https://lumargo.pl/wp-content/uploads/2023/02/20211030_151509-1920x909.jpg,,lazienki,"czarny, biały",granit,polerowany,Ujęcie przedstawia nowoczesną łazienkę z umywalką na blacie.,Elegancki granitowy blat w nowoczesnej łazience.,"blat granitowy, nowoczesna łazienka, wykończenie wnętrz, design, styl",nan
IMG0147,https://lumargo.pl/wp-content/uploads/2023/02/12717641_956257427761067_2073131710740062980_n.jpg,,lazienki,czarny,granite,polerowany,Nowoczesna łazienka z eleganckim wykończeniem.,Elegancja granitu w Twojej łazience.,"granite, nowoczesny, łazienka, wykończenie, design",nan
IMG0148,https://lumargo.pl/wp-content/uploads/2023/02/12728951_956270761093067_2801968233772136397_n.jpg,,lazienki,biały z szarym,marmur,polerowany,Nowoczesna łazienka z eleganckimi elementami kamiennymi.,Elegancja marmuru w Twojej łazience.,"marmur, nowoczesny design, wykończenie wnętrz, kamień naturalny",nan
IMG0149,https://lumargo.pl/wp-content/uploads/2023/02/20130222_171947-761x1024-1.jpg,,lazienki,"beżowy, czerwony",nan,nan,Nowoczesna łazienka z eleganckimi detalami.,Stwórz wyjątkową przestrzeń w swojej łazience.,"nowoczesna łazienka, eleganckie wykończenie, stylowe detale",nan
IMG0150,https://lumargo.pl/wp-content/uploads/2023/02/20130222_172227-1024x768-1.jpg,,lazienki,beżowy,nan,nan,Wnętrze łazienki z wanną i płytkami.,Elegancka łazienka z nowoczesną wanną.,"łazienka, wanna, nowoczesny, wykończenie, płytki",nan
IMG0151,https://lumargo.pl/wp-content/uploads/2023/02/DSC_1156-680x1024-1.jpg,,lazienki,"czarny, szary",nan,nan,Nowoczesna łazienka z kamiennym akcentem na ścianie.,Elegancka łazienka z unikalnym kamiennym wykończeniem.,"nowoczesny design, kamień w łazience, stylowe wnętrze",nan
IMG0152,https://lumargo.pl/wp-content/uploads/2023/02/DSC_1162-1024x680-1.jpg,,lazienki,"czarny, szary, beżowy",granit,polerowany,Nowoczesna łazienka z kamiennymi akcentami.,Elegancki granit w nowoczesnej łazience.,"kamień granitowy, wykończenie łazienki, design wnętrz, nowoczesne rozwiązania",nan
IMG0153,https://lumargo.pl/wp-content/uploads/2023/02/DSC_1163-1024x680-1.jpg,,lazienki,"beżowy, brązowy",nan,nan,Nowoczesna łazienka z elementami kamiennymi.,Elegancka łazienka z naturalnymi akcentami kamiennymi.,"nowoczesna łazienka, kamień, design wnętrz, styl skandynawski",nan
IMG0154,https://lumargo.pl/wp-content/uploads/2023/02/IMG_5088-1024x682-1.jpg,,lazienki,"szary, biały",nan,nan,Nowoczesna łazienka z dużym oknem i wanną.,"Elegancka łazienka, idealna do relaksu.","nowoczesna łazienka, wanna, design wnętrz, styl skandynawski",nan
